{
  "generated_at": "2026-03-28T12:51:32.870874",
  "results": [
    {
      "profile": "live_plus",
      "feature_count": 27,
      "excluded_features": [],
      "threshold_objective": "precision_at_min_recall",
      "min_recall": 0.1,
      "max_positive_rate": 0.12,
      "threshold": 0.13,
      "threshold_info": {
        "selected_row": {
          "threshold": 0.13,
          "precision": 0.19878706199460916,
          "recall": 0.10204081632653061,
          "f1": 0.13485714285714287,
          "f0.5": 0.16710094029681657,
          "balanced_accuracy": 0.5265594140882159,
          "positive_prediction_rate": 0.05456885456885457,
          "tp": 295.0,
          "fp": 1189.0,
          "tn": 23115.0,
          "fn": 2596.0,
          "objective_score": 0.19878706199460916
        },
        "threshold": 0.13,
        "objective_score": 0.19878706199460916,
        "used_fallback": false,
        "fallback_stage": "requested_constraints",
        "applied_min_recall": 0.1,
        "applied_max_positive_rate": 0.12,
        "threshold_tolerance": 0.001,
        "warning": ""
      },
      "metrics": {
        "threshold": 0.13,
        "precision": 0.16566740296623542,
        "recall": 0.3066588785046729,
        "f1": 0.215119852489244,
        "f0.5": 0.1824437030859049,
        "balanced_accuracy": 0.5615621200797695,
        "positive_prediction_rate": 0.1966124829383298,
        "tp": 525,
        "fp": 2644,
        "tn": 11762,
        "fn": 1187,
        "accuracy": 0.7623154237498448,
        "log_loss": 0.3310591378652735,
        "brier_score": 0.09347035491153247,
        "roc_auc": 0.6186775516042771,
        "pr_auc": 0.15662006791085642
      },
      "low_pa_holdout": [
        {
          "segment": "rookie_proxy_lt_25_pa",
          "rows": 526,
          "avg_prior_pa": 10.652091254752852,
          "actual_hr_rate": 0.06273764258555133,
          "avg_predicted_probability": 0.09172108067809077,
          "precision": 0.11864406779661017,
          "recall": 0.21212121212121213,
          "f0.5": 0.13011152416356878,
          "positive_prediction_rate": 0.11216730038022814,
          "pr_auc": 0.08378706888380001,
          "roc_auc": 0.5597762616018195
        },
        {
          "segment": "low_history_25_to_49_pa",
          "rows": 476,
          "avg_prior_pa": 36.7436974789916,
          "actual_hr_rate": 0.0546218487394958,
          "avg_predicted_probability": 0.09442227105338617,
          "precision": 0.08620689655172414,
          "recall": 0.19230769230769232,
          "f0.5": 0.09689922480620156,
          "positive_prediction_rate": 0.12184873949579832,
          "pr_auc": 0.09964059827791104,
          "roc_auc": 0.7033333333333334
        },
        {
          "segment": "building_history_50_to_99_pa",
          "rows": 832,
          "avg_prior_pa": 74.27163461538461,
          "actual_hr_rate": 0.07932692307692307,
          "avg_predicted_probability": 0.09795743299544311,
          "precision": 0.09322033898305085,
          "recall": 0.16666666666666666,
          "f0.5": 0.10223048327137546,
          "positive_prediction_rate": 0.14182692307692307,
          "pr_auc": 0.1094046204950505,
          "roc_auc": 0.556135770234987
        },
        {
          "segment": "established_100plus_pa",
          "rows": 14284,
          "avg_prior_pa": 380.7044945393447,
          "actual_hr_rate": 0.11110333239988798,
          "avg_predicted_probability": 0.10868264623791125,
          "precision": 0.1710974778459441,
          "recall": 0.3163201008191556,
          "f0.5": 0.18839600690535166,
          "positive_prediction_rate": 0.20540464855782695,
          "pr_auc": 0.16357158990635606,
          "roc_auc": 0.6170366864466791
        }
      ]
    },
    {
      "profile": "live_shrunk",
      "feature_count": 32,
      "excluded_features": [],
      "threshold_objective": "precision_at_min_recall",
      "min_recall": 0.1,
      "max_positive_rate": 0.12,
      "threshold": 0.15000000000000002,
      "threshold_info": {
        "selected_row": {
          "threshold": 0.15000000000000002,
          "precision": 0.19952941176470587,
          "recall": 0.14666205465236942,
          "f1": 0.16905901116427433,
          "f0.5": 0.18611184268281977,
          "balanced_accuracy": 0.5383367876948483,
          "positive_prediction_rate": 0.07813936385364957,
          "tp": 424.0,
          "fp": 1701.0,
          "tn": 22603.0,
          "fn": 2467.0,
          "objective_score": 0.19952941176470587
        },
        "threshold": 0.15000000000000002,
        "objective_score": 0.19952941176470587,
        "used_fallback": false,
        "fallback_stage": "requested_constraints",
        "applied_min_recall": 0.1,
        "applied_max_positive_rate": 0.12,
        "threshold_tolerance": 0.001,
        "warning": ""
      },
      "metrics": {
        "threshold": 0.15000000000000002,
        "precision": 0.15718862635162195,
        "recall": 0.45852803738317754,
        "f1": 0.23411869967193558,
        "f0.5": 0.18097565473994837,
        "balanced_accuracy": 0.5831790540935047,
        "positive_prediction_rate": 0.30983993051247055,
        "tp": 785,
        "fp": 4209,
        "tn": 10197,
        "fn": 927,
        "accuracy": 0.681350043429706,
        "log_loss": 0.332346307205915,
        "brier_score": 0.09386962795284623,
        "roc_auc": 0.6245374461056595,
        "pr_auc": 0.161248995914396
      },
      "low_pa_holdout": [
        {
          "segment": "rookie_proxy_lt_25_pa",
          "rows": 526,
          "avg_prior_pa": 10.652091254752852,
          "actual_hr_rate": 0.06273764258555133,
          "avg_predicted_probability": 0.07446032103691132,
          "precision": 0.0,
          "recall": 0.0,
          "f0.5": 0.0,
          "positive_prediction_rate": 0.0019011406844106464,
          "pr_auc": 0.08873681518262197,
          "roc_auc": 0.5460077447907061
        },
        {
          "segment": "low_history_25_to_49_pa",
          "rows": 476,
          "avg_prior_pa": 36.7436974789916,
          "actual_hr_rate": 0.0546218487394958,
          "avg_predicted_probability": 0.07957354322366865,
          "precision": 0.0,
          "recall": 0.0,
          "f0.5": 0.0,
          "positive_prediction_rate": 0.0,
          "pr_auc": 0.0954744280515846,
          "roc_auc": 0.7259829059829059
        },
        {
          "segment": "building_history_50_to_99_pa",
          "rows": 832,
          "avg_prior_pa": 74.27163461538461,
          "actual_hr_rate": 0.07932692307692307,
          "avg_predicted_probability": 0.08618755572202433,
          "precision": 0.18181818181818182,
          "recall": 0.030303030303030304,
          "f0.5": 0.09090909090909091,
          "positive_prediction_rate": 0.013221153846153846,
          "pr_auc": 0.09864063202843748,
          "roc_auc": 0.5680829179523696
        },
        {
          "segment": "established_100plus_pa",
          "rows": 14284,
          "avg_prior_pa": 380.7044945393447,
          "actual_hr_rate": 0.11110333239988798,
          "avg_predicted_probability": 0.13841760817189455,
          "precision": 0.15716579686872742,
          "recall": 0.4933837429111531,
          "f0.5": 0.18196607018359284,
          "positive_prediction_rate": 0.3487818538224587,
          "pr_auc": 0.16486272872655316,
          "roc_auc": 0.6189928516125869
        }
      ]
    },
    {
      "profile": "live_shrunk_precise",
      "feature_count": 28,
      "excluded_features": [],
      "threshold_objective": "precision_at_min_recall",
      "min_recall": 0.1,
      "max_positive_rate": 0.12,
      "threshold": 0.14,
      "threshold_info": {
        "selected_row": {
          "threshold": 0.14,
          "precision": 0.20805812417437253,
          "recall": 0.1089588377723971,
          "f1": 0.14301929625425652,
          "f0.5": 0.17603666033307253,
          "balanced_accuracy": 0.5298126973588779,