{
  "live_plus": {
    "summary_row": {
      "model_family": "logistic",
      "feature_profile": "live_plus",
      "missingness_threshold": 0.35,
      "feature_count": 27,
      "excluded_feature_count": 0,
      "selection_metric": "fixed_params",
      "selection_score": null,
      "mean_cv_pr_auc": null,
      "mean_cv_roc_auc": null,
      "mean_cv_log_loss": null,
      "mean_cv_brier_score": null,
      "best_params": {
        "clf__C": 0.01,
        "clf__solver": "saga",
        "clf__penalty": "elasticnet",
        "clf__l1_ratio": 0.5,
        "clf__class_weight": null
      },
      "model": "logistic::live_plus",
      "threshold": 0.13,
      "precision": 0.16317843206810925,
      "recall": 0.38068965517241377,
      "f1": 0.2284390001655355,
      "f0.5": 0.1842309027314234,
      "balanced_accuracy": 0.5670779147456857,
      "positive_prediction_rate": 0.2615755776190034,
      "roc_auc": 0.6089152189738057,
      "pr_auc": 0.15622179857007562,
      "log_loss": 0.3442669828343278,
      "brier_score": 0.09823423091128673,
      "calibration_used": "disabled",
      "actual_hr_rate": 0.11212149330364046,
      "prediction_to_actual_rate_ratio": 2.3329655172413792,
      "operationally_usable": "no",
      "operational_usability_reason": "precision 0.1632 < 0.18; positive_prediction_rate 0.2616 > 1.25 * holdout_hr_rate 0.1402"
    },
    "low_pa_holdout": [
      {
        "segment": "rookie_proxy_lt_25_pa",
        "rows": 646,
        "avg_prior_pa": 11.507739938080496,
        "actual_hr_rate": 0.07275541795665634,
        "avg_predicted_probability": 0.09811729593008951,
        "precision": 0.08139534883720931,
        "recall": 0.14893617021276595,
        "f0.5": 0.08951406649616368,
        "positive_prediction_rate": 0.13312693498452013,
        "pr_auc": 0.0979411900838294,
        "roc_auc": 0.5798316342840905
      },
      {
        "segment": "low_history_25_to_49_pa",
        "rows": 652,
        "avg_prior_pa": 37.20092024539877,
        "actual_hr_rate": 0.07822085889570553,
        "avg_predicted_probability": 0.10306971314615035,
        "precision": 0.0990990990990991,
        "recall": 0.21568627450980393,
        "f0.5": 0.1111111111111111,
        "positive_prediction_rate": 0.17024539877300612,
        "pr_auc": 0.08959875557815174,
        "roc_auc": 0.5179602623079181
      },
      {
        "segment": "building_history_50_to_99_pa",
        "rows": 1247,
        "avg_prior_pa": 73.93424218123496,
        "actual_hr_rate": 0.07377706495589414,
        "avg_predicted_probability": 0.09946905731982511,
        "precision": 0.10309278350515463,
        "recall": 0.21739130434782608,
        "f0.5": 0.1152073732718894,
        "positive_prediction_rate": 0.15557337610264635,
        "pr_auc": 0.09889495377176212,
        "roc_auc": 0.5910973084886129
      },
      {
        "segment": "established_100plus_pa",
        "rows": 29786,
        "avg_prior_pa": 691.108473779628,
        "actual_hr_rate": 0.11532263479487008,
        "avg_predicted_probability": 0.11303421672727867,
        "precision": 0.1663773865608728,
        "recall": 0.39068413391557494,
        "f0.5": 0.18796044707134654,
        "positive_prediction_rate": 0.2707983616464111,
        "pr_auc": 0.1605660113138242,
        "roc_auc": 0.6083310864851765
      }
    ],
    "feature_columns": [
      "hr_per_pa_last_30d",
      "hr_per_pa_last_10d",
      "barrels_per_pa_last_30d",
      "barrels_per_pa_last_10d",
      "hard_hit_rate_last_30d",
      "hard_hit_rate_last_10d",
      "bbe_95plus_ev_rate_last_30d",
      "bbe_95plus_ev_rate_last_10d",
      "avg_exit_velocity_last_10d",
      "max_exit_velocity_last_10d",
      "pitcher_hr_allowed_per_pa_last_30d",
      "pitcher_barrels_allowed_per_bbe_last_30d",
      "pitcher_hard_hit_allowed_rate_last_30d",
      "pitcher_avg_ev_allowed_last_30d",
      "pitcher_95plus_ev_allowed_rate_last_30d",
      "temperature_f",
      "wind_speed_mph",
      "humidity_pct",
      "platoon_advantage",
      "park_factor_hr_vs_batter_hand",
      "batter_hr_per_pa_vs_pitcher_hand",
      "batter_barrels_per_pa_vs_pitcher_hand",
      "pitcher_hr_allowed_per_pa_vs_batter_hand",
      "pitcher_barrels_allowed_per_bbe_vs_batter_hand",
      "split_matchup_hr",
      "split_matchup_barrel",
      "split_matchup_hard_hit"
    ],
    "excluded_features": []
  },
  "live_shrunk": {
    "summary_row": {
      "model_family": "logistic",
      "feature_profile": "live_shrunk",
      "missingness_threshold": 0.35,
      "feature_count": 31,
      "excluded_feature_count": 1,
      "selection_metric": "fixed_params",
      "selection_score": null,
      "mean_cv_pr_auc": null,
      "mean_cv_roc_auc": null,
      "mean_cv_log_loss": null,
      "mean_cv_brier_score": null,
      "best_params": {
        "clf__C": 0.01,
        "clf__solver": "saga",
        "clf__penalty": "elasticnet",
        "clf__l1_ratio": 0.5,
        "clf__class_weight": null
      },
      "model": "logistic::live_shrunk",
      "threshold": 0.16000000000000003,
      "precision": 0.1864951768488746,
      "recall": 0.288,
      "f1": 0.2263905453756912,
      "f0.5": 0.20063804435561364,
      "balanced_accuracy": 0.564678603776214,
      "positive_prediction_rate": 0.17314651572793913,
      "roc_auc": 0.6257835992475441,
      "pr_auc": 0.1684481066965019,
      "log_loss": 0.34170328827372115,
      "brier_score": 0.09764082012318004,
      "calibration_used": "disabled",
      "actual_hr_rate": 0.11212149330364046,
      "prediction_to_actual_rate_ratio": 1.5442758620689656,
      "operationally_usable": "no",
      "operational_usability_reason": "positive_prediction_rate 0.1731 > 1.25 * holdout_hr_rate 0.1402"
    },
    "low_pa_holdout": [
      {
        "segment": "rookie_proxy_lt_25_pa",
        "rows": 646,
        "avg_prior_pa": 11.507739938080496,
        "actual_hr_rate": 0.07275541795665634,
        "avg_predicted_probability": 0.08239718218199607,
        "precision": 0.16666666666666666,
        "recall": 0.0425531914893617,
        "f0.5": 0.10526315789473684,
        "positive_prediction_rate": 0.018575851393188854,
        "pr_auc": 0.10193294382407889,
        "roc_auc": 0.5873974354420488
      },
      {
        "segment": "low_history_25_to_49_pa",
        "rows": 652,
        "avg_prior_pa": 37.20092024539877,
        "actual_hr_rate": 0.07822085889570553,
        "avg_predicted_probability": 0.08755855998496173,
        "precision": 0.125,
        "recall": 0.0392156862745098,
        "f0.5": 0.08695652173913043,
        "positive_prediction_rate": 0.024539877300613498,
        "pr_auc": 0.09477890085709777,
        "roc_auc": 0.5274216175654954
      },
      {
        "segment": "building_history_50_to_99_pa",
        "rows": 1247,
        "avg_prior_pa": 73.93424218123496,
        "actual_hr_rate": 0.07377706495589414,
        "avg_predicted_probability": 0.08754850046851673,
        "precision": 0.15384615384615385,
        "recall": 0.021739130434782608,
        "f0.5": 0.06944444444444445,
        "positive_prediction_rate": 0.010425020048115477,
        "pr_auc": 0.09667769019987421,
        "roc_auc": 0.586024844720497
      },
      {
        "segment": "established_100plus_pa",
        "rows": 29786,
        "avg_prior_pa": 691.108473779628,
        "actual_hr_rate": 0.11532263479487008,
        "avg_predicted_probability": 0.12317539384199455,
        "precision": 0.18679143422710096,
        "recall": 0.3021834061135371,
        "f0.5": 0.2022366831625297,
        "positive_prediction_rate": 0.1865641576579601,
        "pr_auc": 0.17130983489467722,
        "roc_auc": 0.6241474281501599
      }
    ],