{
  "generated_at": "2026-03-28 23:03:53.573971",
  "data_path": "C:\\Users\\Mogde\\PycharmProjects\\HomeRunAlgo\\data\\mlb_player_game_real.csv",
  "missingness_threshold": 0.35,
  "threshold_objective": "precision_at_min_recall",
  "min_recall": 0.1,
  "max_positive_rate": 0.16,
  "threshold_tolerance": 0.001,
  "fixed_best_params": {
    "clf__C": 0.01,
    "clf__solver": "saga",
    "clf__penalty": "elasticnet",
    "clf__l1_ratio": 0.5,
    "clf__class_weight": null
  },
  "results": [
    {
      "profile": "live_plus",
      "feature_count": 27,
      "excluded_features": [],
      "best_params": {
        "clf__C": 0.01,
        "clf__solver": "saga",
        "clf__penalty": "elasticnet",
        "clf__l1_ratio": 0.5,
        "clf__class_weight": null
      },
      "calibration_used": "disabled",
      "threshold_info": {
        "selected_row": {
          "threshold": 0.13,
          "precision": 0.19878706199460916,
          "recall": 0.10204081632653061,
          "f1": 0.13485714285714287,
          "f0.5": 0.16710094029681657,
          "balanced_accuracy": 0.5265594140882159,
          "positive_prediction_rate": 0.05456885456885457,
          "tp": 295.0,
          "fp": 1189.0,
          "tn": 23115.0,
          "fn": 2596.0,
          "objective_score": 0.19878706199460916
        },
        "threshold": 0.13,
        "objective_score": 0.19878706199460916,
        "used_fallback": 0,
        "fallback_stage": "requested_constraints",
        "applied_min_recall": 0.1,
        "applied_max_positive_rate": 0.16,
        "threshold_tolerance": 0.001,
        "warning": ""
      },
      "metrics": {
        "threshold": 0.13,
        "precision": 0.16566740296623542,
        "recall": 0.3066588785046729,
        "f1": 0.215119852489244,
        "f0.5": 0.1824437030859049,
        "balanced_accuracy": 0.5615621200797695,
        "positive_prediction_rate": 0.1966124829383298,
        "tp": 525,
        "fp": 2644,
        "tn": 11762,
        "fn": 1187,
        "accuracy": 0.7623154237498448,
        "log_loss": 0.3310591378652735,
        "brier_score": 0.09347035491153247,
        "roc_auc": 0.6186775516042771,
        "pr_auc": 0.15662006791085642
      },
      "low_pa_holdout": [
        {
          "segment": "rookie_proxy_lt_25_pa",
          "rows": 526,
          "avg_prior_pa": 10.652091254752852,
          "actual_hr_rate": 0.06273764258555133,
          "avg_predicted_probability": 0.09172108067809077,
          "precision": 0.11864406779661017,
          "recall": 0.21212121212121213,
          "f0.5": 0.13011152416356878,
          "positive_prediction_rate": 0.11216730038022814,
          "pr_auc": 0.08378706888380001,
          "roc_auc": 0.5597762616018195
        },
        {
          "segment": "low_history_25_to_49_pa",
          "rows": 476,
          "avg_prior_pa": 36.7436974789916,
          "actual_hr_rate": 0.0546218487394958,
          "avg_predicted_probability": 0.09442227105338617,
          "precision": 0.08620689655172414,
          "recall": 0.19230769230769232,
          "f0.5": 0.09689922480620156,
          "positive_prediction_rate": 0.12184873949579832,
          "pr_auc": 0.09964059827791104,
          "roc_auc": 0.7033333333333334
        },
        {
          "segment": "building_history_50_to_99_pa",
          "rows": 832,
          "avg_prior_pa": 74.27163461538461,
          "actual_hr_rate": 0.07932692307692307,
          "avg_predicted_probability": 0.09795743299544311,
          "precision": 0.09322033898305085,
          "recall": 0.16666666666666666,
          "f0.5": 0.10223048327137546,
          "positive_prediction_rate": 0.14182692307692307,
          "pr_auc": 0.1094046204950505,
          "roc_auc": 0.556135770234987
        },
        {
          "segment": "established_100plus_pa",
          "rows": 14284,
          "avg_prior_pa": 380.7044945393447,
          "actual_hr_rate": 0.11110333239988798,
          "avg_predicted_probability": 0.10868264623791125,
          "precision": 0.1710974778459441,
          "recall": 0.3163201008191556,
          "f0.5": 0.18839600690535166,
          "positive_prediction_rate": 0.20540464855782695,
          "pr_auc": 0.16357158990635606,
          "roc_auc": 0.6170366864466791
        }
      ]
    },
    {
      "profile": "live_shrunk_precise",
      "feature_count": 29,
      "excluded_features": [],
      "best_params": {
        "clf__C": 0.01,
        "clf__solver": "saga",
        "clf__penalty": "elasticnet",
        "clf__l1_ratio": 0.5,
        "clf__class_weight": null
      },
      "calibration_used": "sigmoid",
      "threshold_info": {
        "selected_row": {
          "threshold": 0.14,
          "precision": 0.19765166340508805,
          "recall": 0.1048080249048772,
          "f1": 0.13698010849909584,
          "f0.5": 0.16790424470796853,
          "balanced_accuracy": 0.5270995358230772,
          "positive_prediction_rate": 0.05637065637065637,
          "tp": 303.0,
          "fp": 1230.0,
          "tn": 23074.0,
          "fn": 2588.0,
          "objective_score": 0.19765166340508805
        },
        "threshold": 0.14,
        "objective_score": 0.19765166340508805,
        "used_fallback": 0,
        "fallback_stage": "requested_constraints",
        "applied_min_recall": 0.1,
        "applied_max_positive_rate": 0.16,
        "threshold_tolerance": 0.001,
        "warning": ""
      },
      "metrics": {
        "threshold": 0.14,
        "precision": 0.16602854159415245,
        "recall": 0.2786214953271028,
        "f1": 0.20806979280261723,
        "f0.5": 0.18062708270221145,
        "balanced_accuracy": 0.5561509531334945,
        "positive_prediction_rate": 0.17824792157835959,
        "tp": 477,
        "fp": 2396,
        "tn": 12010,
        "fn": 1235,
        "accuracy": 0.7747239111552302,
        "log_loss": 0.32988001559816155,
        "brier_score": 0.09322347820574582,
        "roc_auc": 0.6208962533134559,
        "pr_auc": 0.16006593222045426
      },
      "low_pa_holdout": [
        {
          "segment": "rookie_proxy_lt_25_pa",
          "rows": 526,
          "avg_prior_pa": 10.652091254752852,
          "actual_hr_rate": 0.06273764258555133,
          "avg_predicted_probability": 0.0900830778922619,
          "precision": 0.10714285714285714,
          "recall": 0.09090909090909091,
          "f0.5": 0.10344827586206896,
          "positive_prediction_rate": 0.053231939163498096,
          "pr_auc": 0.09127317001266055,
          "roc_auc": 0.573667711598746
        },
        {
          "segment": "low_history_25_to_49_pa",
          "rows": 476,
          "avg_prior_pa": 36.7436974789916,
          "actual_hr_rate": 0.0546218487394958,
          "avg_predicted_probability": 0.09196257583144565,
          "precision": 0.0,
          "recall": 0.0,
          "f0.5": 0.0,
          "positive_prediction_rate": 0.0819327731092437,
          "pr_auc": 0.08375783114840554,
          "roc_auc": 0.6900854700854702
        },
        {
          "segment": "building_history_50_to_99_pa",
          "rows": 832,
          "avg_prior_pa": 74.27163461538461,
          "actual_hr_rate": 0.07932692307692307,
          "avg_predicted_probability": 0.0949371678616513,
          "precision": 0.07228915662650602,
          "recall": 0.09090909090909091,
          "f0.5": 0.07537688442211055,
          "positive_prediction_rate": 0.09975961538461539,
          "pr_auc": 0.091813345601467,
          "roc_auc": 0.5638499881319725
        },
        {
          "segment": "established_100plus_pa",
          "rows": 14284,
          "avg_prior_pa": 380.7044945393447,
          "actual_hr_rate": 0.11110333239988798,
          "avg_predicted_probability": 0.11057363516527281,
          "precision": 0.17186926184355492,
          "recall": 0.2948960302457467,
          "f0.5": 0.18751502524240724,
          "positive_prediction_rate": 0.1906328759451134,
          "pr_auc": 0.16586431544876656,